Run,in:levels,in:shift,in:levelfraction,in:floorthickness,in:fractionextension,in:wallrvalue,in:roofrvalue,in:floortype,in:shadingenergy,in:shadingmateriallighting,in:InfiltrationAch,in:glazingtype,in:ceilingmaterial,in:hvacheating_type,in:hvachotwater,in:hvacecon,in:hvacheatrecovery,in:buildinglpd,in:hvaccold,out:EUI,out:CO2,out:Cost,out:Area,out:dgp,out:udi,img:udi,img:DGP,img:floor
0,4,1,2,0.15,1,W0,R0,F1,1,Golden low-E fabric WBI2W,0.1,DoublePaneLoEe2,Black Ceiling,1,1,0,0,1.3,1,149.51,81.55,21.39,336.18,1.138877;0.029315;2.957759;0.396931,134.47,Iterator0_Parallel.png,Iterator0_Parallel.png,Iterator0.png
1,4,1,2,0.2,1.25,W3,R2,F2,1,Sunvision Ecru,3,DoublePaneLoEe2,Black Ceiling,3,1,0,0.75,0.98,3,111.95,71.99,20.74,386.61,5.94221;0.341217;15.538548;1.610247,349.08,Iterator1_Parallel.png,Iterator1_Parallel.png,Iterator1.png
2,2,1,1,0.2,1.1,W1,R3,F1,None,Golden low-E fabric WBI2W,0.1,DoublePaneLoEe2,Black Ceiling,1,0,1,0,2,1,133.44,76.58,20.73,268.95,8.870361;0.743229,294.36,Iterator2_Parallel.png,Iterator2_Parallel.png,Iterator2.png
3,2,0,3,0.3,1.1,W3,R3,F1,None,Golden low-E fabric WBI2W,1.5,Solarcool on Pacifica - Clear (Argon),Ceiling LM83,0,0,0,0.75,2,0,154.22,83,21.58,183.78,7.684132;6.235358,716.52,Iterator3_Parallel.png,Iterator3_Parallel.png,Iterator3.png
4,2,1,3,0.3,1.25,W1,R3,F1,None,Sunvision Ecru,0.1,Solarcool on Pacifica - Clear (Argon),Ceiling LM83,1,0,0,0.75,2,2,122.87,75.55,21.27,190.5,3.823882;6.571724,608.79,Iterator4_Parallel.png,Iterator4_Parallel.png,Iterator4.png
5,4,0,2,0.15,1.1,W0,R0,F2,None,Sunvision Ecru,1.5,Solarban 90 (2) - Solarban 90 (4) - Clear (Argon),Ceiling LM83,1,1,0,0.75,0.98,3,131.35,77.62,21.37,356.35,1.794942;5.977713;1.110399;1.659868,326.56,Iterator5_Parallel.png,Iterator5_Parallel.png,Iterator5.png
6,3,0,1,0.15,1.1,W3,R2,F1,None,Sunvision Ecru,0.1,DoublePaneLoEe2,Ceiling LM83,0,1,1,0.75,2,1,129.33,75.31,20.56,403.42,7.32354;2.390246;0.827414,337.03,Iterator6_Parallel.png,Iterator6_Parallel.png,Iterator6.png
7,2,1,3,0.3,1,W0,R1,F2,1,Sunvision Ecru,1.5,Solarcool on Pacifica - Clear (Argon),Ceiling LM83,3,1,1,0,1.3,1,138,80.69,22.08,179.3,4.908388;6.021905,663.14,Iterator7_Parallel.png,Iterator7_Parallel.png,Iterator7.png
8,4,0,3,0.15,1,W1,R0,F2,1,Golden low-E fabric WBI2W,0.1,DoublePaneLoEe2,White Ceiling,3,0,0,0,1.3,1,137.41,79.45,21.6,268.95,1.537781;2.318499;2.770699;0.355671,459.75,Iterator8_Parallel.png,Iterator8_Parallel.png,Iterator8.png
9,4,0,2,0.3,1.1,W2,R2,F2,1,Sunvision Ecru,3,Solarcool on Pacifica - Clear (Argon),White Ceiling,1,1,1,0,2,3,115.3,72.46,20.63,356.35,1.858193;5.464658;1.060937;1.593228,333.82,Iterator9_Parallel.png,Iterator9_Parallel.png,Iterator9.png
10,3,1,1,0.2,1.25,W3,R0,F2,1,Sunvision Ecru,1.5,Solarcool on Pacifica - Clear (Argon),White Ceiling,0,1,1,0.75,0.98,3,119.86,74.09,20.91,403.42,7.466363;2.212706;0.76076,344.84,Iterator10_Parallel.png,Iterator10_Parallel.png,Iterator10.png
11,3,1,3,0.15,1,W1,R0,F1,None,Golden low-E fabric WBI2W,1.5,Solarcool on Pacifica - Clear (Argon),Black Ceiling,1,0,0,0,2,3,131.44,77.98,21.52,224.12,0.995725;2.784689;4.13781,367.05,Iterator11_Parallel.png,Iterator11_Parallel.png,Iterator11.png
12,4,0,2,0.3,1.1,W1,R3,F2,1,Sunvision Ecru,3,DoublePaneLoEe2,White Ceiling,1,0,1,0.75,1.3,3,114.73,72.32,20.62,356.35,1.796122;5.490899;1.07436;1.597696,334.03,Iterator12_Parallel.png,Iterator12_Parallel.png,Iterator12.png
13,3,0,1,0.15,1.25,W0,R0,F1,None,Golden low-E fabric WBI2W,3,Solarban 90 (2) - Solarban 90 (4) - Clear (Argon),White Ceiling,0,1,1,0,0.98,3,123.68,75.23,21.05,403.42,6.125665;1.758174;0.820777,325.69,Iterator13_Parallel.png,Iterator13_Parallel.png,Iterator13.png
14,3,1,1,0.3,1.25,W2,R0,F2,1,Golden low-E fabric WBI2W,3,Solarban 90 (2) - Solarban 90 (4) - Clear (Argon),White Ceiling,1,0,1,0.75,1.3,1,135.22,77.13,20.8,403.42,6.083091;1.488063;0.635833,294.73,Iterator14_Parallel.png,Iterator14_Parallel.png,Iterator14.png
15,4,0,1,0.3,1,W1,R2,F1,1,Sunvision Ecru,3,Solarcool on Pacifica - Clear (Argon),Black Ceiling,2,1,0,0.75,0.98,0,137.19,77.88,20.94,537.89,0;2.205855;0.083126;5.939823,114.8,Iterator15_Parallel.png,Iterator15_Parallel.png,Iterator15.png
16,3,1,3,0.2,1,W3,R2,F1,1,Golden low-E fabric WBI2W,0.1,Vistacool on Pacifica - Clear (Krypton),White Ceiling,0,1,1,0.75,1.3,2,122.46,75.64,21.34,224.12,0.984768;2.986933;4.205351,564.48,Iterator16_Parallel.png,Iterator16_Parallel.png,Iterator16.png
17,2,0,1,0.2,1.1,W1,R1,F1,1,Golden low-E fabric WBI2W,3,DoublePaneLoEe2,Ceiling LM83,3,0,1,0,0.98,0,146.81,81.17,21.48,268.95,9.163304;0.745089,360.74,Iterator17_Parallel.png,Iterator17_Parallel.png,Iterator17.png
18,3,1,2,0.15,1.1,W3,R3,F1,None,Golden low-E fabric WBI2W,3,Solarban 90 (2) - Solarban 90 (4) - Clear (Argon),Black Ceiling,0,0,0,0.75,1.3,0,143.48,79.68,21.14,282.39,1.908834;1.464184;2.912835;4.139241,301.93,Iterator18_Parallel.png,Iterator18_Parallel.png,Iterator18.png
19,2,1,3,0.2,1,W3,R2,F1,1,Golden low-E fabric WBI2W,0.1,Solarban 90 (2) - Solarban 90 (4) - Clear (Argon),White Ceiling,1,1,0,0,1.3,3,118.97,73.62,20.79,179.3,3.756149;3.114406,548.2,Iterator19_Parallel.png,Iterator19_Parallel.png,Iterator19.png
20,2,0,1,0.3,1,W3,R3,F1,1,Golden low-E fabric WBI2W,0.1,Solarcool on Pacifica - Clear (Argon),Ceiling LM83,0,1,0,0,2,3,117.04,73.04,20.72,268.95,9.080691;0.741625,360.09,Iterator20_Parallel.png,Iterator20_Parallel.png,Iterator20.png
21,2,0,2,0.15,1,W3,R1,F2,1,Golden low-E fabric WBI2W,3,Vistacool on Pacifica - Clear (Krypton),Black Ceiling,1,1,0,0,0.98,3,120.18,74.44,21.04,201.71,3.376894;3.119183,397.07,Iterator21_Parallel.png,Iterator21_Parallel.png,Iterator21.png
22,3,0,1,0.15,1,W1,R1,F1,None,Sunvision Ecru,3,Solarcool on Pacifica - Clear (Argon),Ceiling LM83,0,1,0,0.75,1.3,1,128.36,75.01,20.52,403.42,7.248538;2.38441;0.830638,335.47,Iterator22_Parallel.png,Iterator22_Parallel.png,Iterator22.png
23,3,0,1,0.3,1.25,W2,R2,F1,None,Sunvision Ecru,0.1,Solarban 90 (2) - Solarban 90 (4) - Clear (Argon),Ceiling LM83,2,1,0,0.75,1.3,1,124.39,73.94,20.43,403.42,7.425247;1.921331;0.637256,307.25,Iterator23_Parallel.png,Iterator23_Parallel.png,Iterator23.png
24,2,1,1,0.15,1.25,W3,R3,F1,1,Sunvision Ecru,1.5,Solarban 90 (2) - Solarban 90 (4) - Clear (Argon),Black Ceiling,2,1,1,0,1.3,1,125.96,74.57,20.56,268.95,13.80395;0.749651,410.5,Iterator24_Parallel.png,Iterator24_Parallel.png,Iterator24.png
25,2,0,1,0.2,1.1,W3,R0,F2,None,Sunvision Ecru,0.1,Solarcool on Pacifica - Clear (Argon),Ceiling LM83,3,0,1,0.75,1.3,2,117.82,75.76,21.82,268.95,14.277142;0.745912,505.56,Iterator25_Parallel.png,Iterator25_Parallel.png,Iterator25.png
26,4,0,2,0.3,1.1,W2,R0,F2,None,Golden low-E fabric WBI2W,3,Vistacool on Pacifica - Clear (Krypton),Ceiling LM83,3,1,0,0,2,2,117.16,75.33,21.7,356.35,1.72668;3.41144;0.8254;1.415867,263.27,Iterator26_Parallel.png,Iterator26_Parallel.png,Iterator26.png
27,4,1,3,0.2,1.25,W2,R2,F1,None,Sunvision Ecru,3,Vistacool on Pacifica - Clear (Krypton),White Ceiling,3,0,0,0.75,2,2,114.61,73.69,21.23,302.56,0.156502;2.387322;5.470169;2.215173,368.37,Iterator27_Parallel.png,Iterator27_Parallel.png,Iterator27.png
28,4,1,2,0.15,1,W1,R0,F2,1,Sunvision Ecru,1.5,Solarcool on Pacifica - Clear (Argon),Ceiling LM83,1,1,1,0,0.98,1,142.44,79.36,21.1,336.18,1.114727;0.047634;5.042235;0.411861,238.73,Iterator28_Parallel.png,Iterator28_Parallel.png,Iterator28.png
29,2,0,2,0.2,1.25,W2,R2,F2,None,Golden low-E fabric WBI2W,1.5,Solarban 90 (2) - Solarban 90 (4) - Clear (Argon),Ceiling LM83,0,1,1,0,0.98,2,119.79,74.48,21.09,218.52,4.032217;3.185651,448.28,Iterator29_Parallel.png,Iterator29_Parallel.png,Iterator29.png
30,2,0,1,0.3,1.25,W0,R0,F1,None,Sunvision Ecru,1.5,DoublePaneLoEe2,Ceiling LM83,1,1,0,0.75,1.3,1,147.71,80.99,21.31,268.95,14.22044;0.740389,506.57,Iterator30_Parallel.png,Iterator30_Parallel.png,Iterator30.png
31,2,0,3,0.15,1.25,W2,R1,F1,None,Sunvision Ecru,1.5,DoublePaneLoEe2,Black Ceiling,0,0,0,0.75,1.3,1,139.95,78.59,21,190.5,5.427453;7.748162,578.34,Iterator31_Parallel.png,Iterator31_Parallel.png,Iterator31.png
32,4,0,2,0.3,1,W3,R2,F1,1,Sunvision Ecru,1.5,Vistacool on Pacifica - Clear (Krypton),Ceiling LM83,2,0,1,0,1.3,2,113.54,73.01,21.03,336.18,0.801851;2.827438;0.448695;0.584109,218.99,Iterator32_Parallel.png,Iterator32_Parallel.png,Iterator32.png
33,3,0,1,0.3,1.25,W0,R2,F2,1,Golden low-E fabric WBI2W,3,Vistacool on Pacifica - Clear (Krypton),White Ceiling,1,0,0,0,2,0,152.57,82.49,21.51,403.42,6.136393;1.494515;0.6334,299.22,Iterator33_Parallel.png,Iterator33_Parallel.png,Iterator33.png
34,2,1,2,0.15,1.1,W3,R3,F2,None,Sunvision Ecru,0.1,Solarcool on Pacifica - Clear (Argon),Black Ceiling,0,1,0,0,1.3,3,121.5,74.52,20.95,208.43,3.723733;8.762496,499.41,Iterator34_Parallel.png,Iterator34_Parallel.png,Iterator34.png
35,4,0,3,0.15,1.25,W2,R0,F2,None,Golden low-E fabric WBI2W,1.5,DoublePaneLoEe2,White Ceiling,2,0,0,0,2,1,133.52,77.6,21.16,302.56,1.505067;4.100962;0.626716;1.180112,278.66,Iterator35_Parallel.png,Iterator35_Parallel.png,Iterator35.png
36,4,0,3,0.3,1.25,W0,R3,F2,1,Sunvision Ecru,3,Solarcool on Pacifica - Clear (Argon),Black Ceiling,2,1,0,0,1.3,3,114.77,73.79,21.26,302.56,1.377318;6.441459;0.802488;1.166201,238.76,Iterator36_Parallel.png,Iterator36_Parallel.png,Iterator36.png
37,2,0,3,0.15,1,W3,R1,F1,1,Sunvision Ecru,3,Solarcool on Pacifica - Clear (Argon),Ceiling LM83,0,0,1,0,2,3,122.35,74.82,21,179.3,5.822121;4.048052,669.01,Iterator37_Parallel.png,Iterator37_Parallel.png,Iterator37.png
38,3,0,2,0.3,1,W2,R0,F1,1,Golden low-E fabric WBI2W,3,Vistacool on Pacifica - Clear (Krypton),White Ceiling,1,1,0,0,1.3,1,148.19,81.14,21.33,268.95,2.348401;0.571202;1.848259,354.31,Iterator38_Parallel.png,Iterator38_Parallel.png,Iterator38.png
39,4,0,3,0.15,1.25,W1,R2,F1,None,Sunvision Ecru,0.1,Solarban 90 (2) - Solarban 90 (4) - Clear (Argon),Ceiling LM83,0,0,0,0,1.3,3,115.5,72.43,20.6,302.56,1.49408;7.298353;0.85204;1.238267,336.72,Iterator39_Parallel.png,Iterator39_Parallel.png,Iterator39.png
40,2,0,3,0.3,1.25,W3,R1,F1,1,Sunvision Ecru,1.5,DoublePaneLoEe2,White Ceiling,0,1,0,0.75,0.98,1,139.85,78.56,20.99,190.5,5.598539;7.732091,735.87,Iterator40_Parallel.png,Iterator40_Parallel.png,Iterator40.png
41,3,1,2,0.15,1.25,W2,R2,F1,None,Golden low-E fabric WBI2W,1.5,DoublePaneLoEe2,Ceiling LM83,2,1,1,0.75,0.98,2,113.86,73.21,21.09,302.56,5.851607;4.978306;3.636835;4.829706,494.41,Iterator41_Parallel.png,Iterator41_Parallel.png,Iterator41.png
42,2,0,2,0.2,1.1,W1,R1,F2,None,Sunvision Ecru,3,Solarban 90 (2) - Solarban 90 (4) - Clear (Argon),Ceiling LM83,2,0,0,0,0.98,0,142.06,79.75,21.3,208.43,5.060378;5.468051,543.59,Iterator42_Parallel.png,Iterator42_Parallel.png,Iterator42.png
43,4,0,3,0.3,1.25,W3,R0,F1,None,Golden low-E fabric WBI2W,0.1,DoublePaneLoEe2,Black Ceiling,3,1,1,0,2,0,154.22,84.44,22.2,302.56,1.384856;3.571751;0.572991;1.099673,189.72,Iterator43_Parallel.png,Iterator43_Parallel.png,Iterator43.png
44,2,1,2,0.15,1.25,W3,R3,F2,None,Sunvision Ecru,1.5,DoublePaneLoEe2,Ceiling LM83,2,0,1,0.75,1.3,0,143.21,80.13,21.36,218.52,2.956342;8.609481,610.86,Iterator44_Parallel.png,Iterator44_Parallel.png,Iterator44.png
45,3,0,1,0.2,1,W3,R2,F1,1,Golden low-E fabric WBI2W,1.5,Vistacool on Pacifica - Clear (Krypton),Ceiling LM83,2,0,0,0,0.98,0,141.47,79.26,21.14,403.42,6.088176;1.656206;0.756112,299.33,Iterator45_Parallel.png,Iterator45_Parallel.png,Iterator45.png
46,4,1,3,0.2,1.25,W0,R0,F2,None,Sunvision Ecru,3,DoublePaneLoEe2,Black Ceiling,1,1,0,0,0.98,2,141.15,81.49,22.14,302.56,0.151226;2.34871;5.473064;2.199049,263.1,Iterator46_Parallel.png,Iterator46_Parallel.png,Iterator46.png
47,3,0,3,0.15,1.25,W0,R1,F2,1,Golden low-E fabric WBI2W,3,Solarban 90 (2) - Solarban 90 (4) - Clear (Argon),Ceiling LM83,3,0,1,0.75,2,1,132.38,78.5,21.66,246.53,2.448003;0.92572;3.413035,441.98,Iterator47_Parallel.png,Iterator47_Parallel.png,Iterator47.png
48,2,1,3,0.15,1.25,W2,R0,F2,None,Sunvision Ecru,1.5,DoublePaneLoEe2,White Ceiling,2,0,0,0.75,0.98,3,117.26,75.4,21.72,190.5,3.909818;6.581582,648.74,Iterator48_Parallel.png,Iterator48_Parallel.png,Iterator48.png
49,4,1,2,0.15,1.25,W1,R0,F2,None,Sunvision Ecru,1.5,Solarcool on Pacifica - Clear (Argon),White Ceiling,2,0,0,0.75,1.3,1,131.36,76.78,21.01,386.61,6.169725;0.658307;16.884568;1.727679,538.99,Iterator49_Parallel.png,Iterator49_Parallel.png,Iterator49.png
50,2,0,3,0.2,1.1,W1,R0,F1,1,Golden low-E fabric WBI2W,1.5,DoublePaneLoEe2,White Ceiling,0,1,1,0.75,0.98,0,180.66,91.17,22.66,183.78,7.827663;6.39166,761.35,Iterator50_Parallel.png,Iterator50_Parallel.png,Iterator50.png
51,4,0,1,0.15,1.1,W3,R1,F2,1,Sunvision Ecru,1.5,Vistacool on Pacifica - Clear (Krypton),White Ceiling,3,0,0,0.75,2,1,126.42,74.64,20.54,537.89,0.036976;2.262232;0.108615;7.74186,220.29,Iterator51_Parallel.png,Iterator51_Parallel.png,Iterator51.png
52,3,0,2,0.15,1.25,W2,R3,F2,None,Golden low-E fabric WBI2W,3,Solarcool on Pacifica - Clear (Argon),White Ceiling,0,0,0,0,2,3,117.32,73.09,20.72,302.56,3.862655;0.634264;1.852541,367.27,Iterator52_Parallel.png,Iterator52_Parallel.png,Iterator52.png
53,4,1,2,0.2,1.1,W3,R1,F1,None,Sunvision Ecru,0.1,DoublePaneLoEe2,White Ceiling,1,0,1,0.75,2,3,114.52,72.37,20.66,356.35,0.548729;0.928376;8.631825;1.359367,381,Iterator53_Parallel.png,Iterator53_Parallel.png,Iterator53.png
54,3,0,2,0.15,1.1,W0,R0,F2,1,Golden low-E fabric WBI2W,1.5,Solarcool on Pacifica - Clear (Argon),Black Ceiling,3,1,1,0.75,1.3,0,155.13,85.79,22.7,282.39,3.335681;1.006246;2.617713,282.94,Iterator54_Parallel.png,Iterator54_Parallel.png,Iterator54.png
55,3,0,3,0.15,1.25,W0,R1,F2,1,Golden low-E fabric WBI2W,3,DoublePaneLoEe2,White Ceiling,3,0,0,0,0.98,0,150.46,84.07,22.39,246.53,2.463947;0.929776;3.425612,464.15,Iterator55_Parallel.png,Iterator55_Parallel.png,Iterator55.png
56,4,0,2,0.2,1,W0,R1,F2,None,Golden low-E fabric WBI2W,0.1,Solarban 90 (2) - Solarban 90 (4) - Clear (Argon),White Ceiling,1,0,1,0,2,1,141.02,78.92,21.04,336.18,0.770802;2.419885;0.376384;0.569127,225.79,Iterator56_Parallel.png,Iterator56_Parallel.png,Iterator56.png
57,2,0,2,0.3,1.25,W0,R2,F2,None,Sunvision Ecru,0.1,Solarcool on Pacifica - Clear (Argon),White Ceiling,2,0,0,0,1.3,3,115.31,74.14,21.36,218.52,5.333818;4.861631,584.78,Iterator57_Parallel.png,Iterator57_Parallel.png,Iterator57.png
58,2,1,1,0.15,1.25,W0,R3,F1,1,Sunvision Ecru,1.5,DoublePaneLoEe2,Black Ceiling,3,1,1,0.75,0.98,1,132.78,77.47,21.18,268.95,13.938637;0.746829,408.19,Iterator58_Parallel.png,Iterator58_Parallel.png,Iterator58.png
59,2,0,2,0.2,1,W1,R1,F2,None,Golden low-E fabric WBI2W,0.1,Vistacool on Pacifica - Clear (Krypton),White Ceiling,2,1,1,0.75,0.98,1,133.6,77.24,21,201.71,3.535094;3.244727,514.78,Iterator59_Parallel.png,Iterator59_Parallel.png,Iterator59.png
60,3,1,1,0.15,1.1,W2,R3,F2,None,Sunvision Ecru,3,Solarcool on Pacifica - Clear (Argon),Black Ceiling,1,1,0,0,0.98,2,115.44,73.08,20.89,403.42,7.049313;2.364212;0.826175,251.05,Iterator60_Parallel.png,Iterator60_Parallel.png,Iterator60.png
61,2,0,2,0.2,1.25,W0,R2,F2,None,Sunvision Ecru,3,Solarcool on Pacifica - Clear (Argon),Black Ceiling,0,0,1,0.75,2,0,169.53,87.73,22.21,218.52,5.268893;4.860342,456.51,Iterator61_Parallel.png,Iterator61_Parallel.png,Iterator61.png
62,4,1,1,0.15,1.25,W0,R0,F1,None,Sunvision Ecru,3,Solarcool on Pacifica - Clear (Argon),Black Ceiling,1,0,1,0,2,0,151.46,82.15,21.47,537.89,0.036176;2.219307;0.055501;5.867567,118.69,Iterator62_Parallel.png,Iterator62_Parallel.png,Iterator62.png
63,4,0,1,0.2,1,W0,R0,F1,None,Sunvision Ecru,0.1,Solarban 90 (2) - Solarban 90 (4) - Clear (Argon),Ceiling LM83,2,0,0,0.75,1.3,1,128.84,75.75,20.8,537.89,0;2.184671;0.052627;7.1381,196.02,Iterator63_Parallel.png,Iterator63_Parallel.png,Iterator63.png
64,3,0,1,0.15,1,W0,R0,F2,None,Golden low-E fabric WBI2W,1.5,Vistacool on Pacifica - Clear (Krypton),Black Ceiling,1,1,1,0,1.3,3,122.55,75.07,21.09,403.42,5.976575;1.722015;0.820527,232.54,Iterator64_Parallel.png,Iterator64_Parallel.png,Iterator64.png
65,4,0,3,0.15,1.25,W2,R2,F2,None,Golden low-E fabric WBI2W,0.1,Solarban 90 (2) - Solarban 90 (4) - Clear (Argon),Ceiling LM83,1,1,1,0.75,0.98,0,143.63,79.73,21.15,302.56,1.494882;4.103937;0.621877;1.181586,261.79,Iterator65_Parallel.png,Iterator65_Parallel.png,Iterator65.png
66,3,1,3,0.2,1.1,W3,R3,F1,None,Golden low-E fabric WBI2W,3,DoublePaneLoEe2,White Ceiling,3,0,1,0.75,1.3,2,115.28,74.12,21.35,233.09,1.439773;2.855387;3.580929,512.66,Iterator66_Parallel.png,Iterator66_Parallel.png,Iterator66.png
67,4,1,2,0.15,1,W3,R1,F1,1,Sunvision Ecru,0.1,Vistacool on Pacifica - Clear (Krypton),Black Ceiling,1,1,0,0,2,2,117.43,73.91,21.06,336.18,1.06694;0.046881;4.949683;0.412196,167.34,Iterator67_Parallel.png,Iterator67_Parallel.png,Iterator67.png
68,4,0,2,0.15,1.1,W2,R2,F1,1,Golden low-E fabric WBI2W,3,Solarban 90 (2) - Solarban 90 (4) - Clear (Argon),Ceiling LM83,2,1,0,0,2,2,112.31,72.22,20.8,356.35,1.648181;3.605436;0.855077;1.455945,275.51,Iterator68_Parallel.png,Iterator68_Parallel.png,Iterator68.png
69,2,1,1,0.2,1.1,W1,R0,F2,1,Sunvision Ecru,0.1,Solarcool on Pacifica - Clear (Argon),White Ceiling,2,1,0,0,1.3,3,114.38,73.55,21.19,268.95,14.357345;0.745174,529.4,Iterator69_Parallel.png,Iterator69_Parallel.png,Iterator69.png
70,2,1,1,0.15,1,W0,R2,F1,1,Sunvision Ecru,0.1,Solarcool on Pacifica - Clear (Argon),Ceiling LM83,1,1,1,0,0.98,1,139.45,78.44,20.98,268.95,14.242327;0.744538,505.79,Iterator70_Parallel.png,Iterator70_Parallel.png,Iterator70.png
71,3,1,3,0.2,1,W1,R2,F2,1,Golden low-E fabric WBI2W,1.5,Solarban 90 (2) - Solarban 90 (4) - Clear (Argon),White Ceiling,1,1,0,0,1.3,2,119.27,74.28,21.05,224.12,0.979515;2.896695;4.366443,565.78,Iterator71_Parallel.png,Iterator71_Parallel.png,Iterator71.png
72,4,0,2,0.2,1.25,W2,R1,F2,None,Golden low-E fabric WBI2W,3,Vistacool on Pacifica - Clear (Krypton),Black Ceiling,2,1,0,0.75,2,2,113.49,72.98,21.02,386.61,6.937287;2.18513;0.753309;0.715531,187.25,Iterator72_Parallel.png,Iterator72_Parallel.png,Iterator72.png
73,2,0,3,0.15,1.25,W3,R2,F2,None,Sunvision Ecru,3,Vistacool on Pacifica - Clear (Krypton),Black Ceiling,0,1,1,0.75,0.98,0,161.03,85.11,21.86,190.5,5.530171;7.748856,577.91,Iterator73_Parallel.png,Iterator73_Parallel.png,Iterator73.png
74,3,1,1,0.15,1.25,W3,R1,F2,None,Sunvision Ecru,3,Solarcool on Pacifica - Clear (Argon),Black Ceiling,1,0,0,0.75,1.3,3,113.71,71.96,20.56,403.42,7.062541;2.370291;0.829826,250.8,Iterator74_Parallel.png,Iterator74_Parallel.png,Iterator74.png
75,2,0,3,0.3,1,W1,R3,F1,None,Sunvision Ecru,0.1,Vistacool on Pacifica - Clear (Krypton),White Ceiling,2,1,1,0,1.3,0,151.06,82.7,21.74,179.3,5.90012;4.02935,709.43,Iterator75_Parallel.png,Iterator75_Parallel.png,Iterator75.png
76,2,1,1,0.3,1.1,W0,R0,F1,1,Sunvision Ecru,3,Solarban 90 (2) - Solarban 90 (4) - Clear (Argon),Black Ceiling,2,0,0,0,2,0,150.93,83.15,21.95,268.95,13.891185;0.742613,409.36,Iterator76_Parallel.png,Iterator76_Parallel.png,Iterator76.png
77,3,0,2,0.2,1.25,W3,R2,F1,1,Golden low-E fabric WBI2W,1.5,Solarban 90 (2) - Solarban 90 (4) - Clear (Argon),White Ceiling,3,0,1,0.75,2,1,125.22,74.5,20.59,302.56,3.861068;0.622316;1.750356,360.21,Iterator77_Parallel.png,Iterator77_Parallel.png,Iterator77.png
78,2,1,2,0.2,1.25,W0,R0,F1,1,Golden low-E fabric WBI2W,0.1,Solarban 90 (2) - Solarban 90 (4) - Clear (Argon),Black Ceiling,3,0,0,0,0.98,0,157.65,86.92,22.96,218.52,2.541658;5.00185,350.06,Iterator78_Parallel.png,Iterator78_Parallel.png,Iterator78.png
79,2,1,2,0.15,1.25,W0,R1,F1,1,Sunvision Ecru,1.5,DoublePaneLoEe2,Ceiling LM83,3,0,1,0.75,0.98,2,119.76,77.01,22.18,218.52,2.977109;8.489643,612.59,Iterator79_Parallel.png,Iterator79_Parallel.png,Iterator79.png
80,2,0,2,0.3,1.25,W3,R3,F1,None,Golden low-E fabric WBI2W,0.1,DoublePaneLoEe2,Black Ceiling,3,1,0,0,1.3,1,132.04,76.8,20.95,218.52,3.889827;3.132724,362.95,Iterator80_Parallel.png,Iterator80_Parallel.png,Iterator80.png
81,2,0,1,0.3,1.1,W0,R3,F1,1,Sunvision Ecru,1.5,Solarban 90 (2) - Solarban 90 (4) - Clear (Argon),White Ceiling,2,0,1,0.75,1.3,3,112.92,72.61,20.91,268.95,14.165608;0.739836,529.76,Iterator81_Parallel.png,Iterator81_Parallel.png,Iterator81.png
82,4,1,3,0.15,1,W0,R3,F1,None,Golden low-E fabric WBI2W,0.1,Solarban 90 (2) - Solarban 90 (4) - Clear (Argon),Black Ceiling,2,0,1,0,2,2,117.2,75.36,21.71,268.95,1.518105;0.244191;2.542291;4.76511,291.25,Iterator82_Parallel.png,Iterator82_Parallel.png,Iterator82.png
83,3,0,3,0.15,1.25,W0,R2,F2,1,Sunvision Ecru,3,Solarcool on Pacifica - Clear (Argon),White Ceiling,0,0,1,0,0.98,1,152.65,82.52,21.52,246.53,4.482028;1.140027;4.498826,555.73,Iterator83_Parallel.png,Iterator83_Parallel.png,Iterator83.png
84,2,1,1,0.3,1.25,W1,R0,F2,1,Golden low-E fabric WBI2W,1.5,Solarcool on Pacifica - Clear (Argon),Ceiling LM83,0,1,0,0.75,2,0,164.69,86.24,22.01,268.95,9.248466;0.743176,362.16,Iterator84_Parallel.png,Iterator84_Parallel.png,Iterator84.png
85,2,1,3,0.2,1.25,W2,R1,F1,None,Sunvision Ecru,1.5,Solarcool on Pacifica - Clear (Argon),Ceiling LM83,2,1,1,0.75,1.3,3,112.81,72.54,20.9,190.5,3.867907;6.556291,607.29,Iterator85_Parallel.png,Iterator85_Parallel.png,Iterator85.png
86,4,0,1,0.15,1.25,W0,R3,F2,None,Sunvision Ecru,3,Solarban 90 (2) - Solarban 90 (4) - Clear (Argon),Black Ceiling,2,1,0,0.75,0.98,2,113.37,72.9,21,537.89,0.036976;2.159848;0.108338;6.608609,126.76,Iterator86_Parallel.png,Iterator86_Parallel.png,Iterator86.png
87,3,0,2,0.2,1.25,W3,R2,F1,1,Golden low-E fabric WBI2W,0.1,Solarban 90 (2) - Solarban 90 (4) - Clear (Argon),Black Ceiling,3,1,1,0,2,3,111.27,71.55,20.61,302.56,3.644254;0.611487;1.709778,266.63,Iterator87_Parallel.png,Iterator87_Parallel.png,Iterator87.png
88,2,1,1,0.2,1.1,W1,R1,F1,1,Sunvision Ecru,0.1,Solarcool on Pacifica - Clear (Argon),Ceiling LM83,0,0,0,0.75,2,2,119.01,74.26,21.07,268.95,14.226715;0.743937,506.91,Iterator88_Parallel.png,Iterator88_Parallel.png,Iterator88.png
89,2,0,3,0.3,1.25,W0,R3,F2,None,Sunvision Ecru,3,Solarban 90 (2) - Solarban 90 (4) - Clear (Argon),White Ceiling,2,0,1,0.75,0.98,0,147.55,82.31,21.9,190.5,5.586882;7.736556,733.19,Iterator89_Parallel.png,Iterator89_Parallel.png,Iterator89.png
90,4,0,1,0.2,1,W2,R1,F2,None,Sunvision Ecru,1.5,Solarcool on Pacifica - Clear (Argon),Ceiling LM83,0,1,0,0,1.3,0,140.19,78.67,21.01,537.89,0;2.356206;0.078251;7.177453,195.82,Iterator90_Parallel.png,Iterator90_Parallel.png,Iterator90.png
91,3,0,3,0.15,1,W1,R0,F2,None,Sunvision Ecru,0.1,Vistacool on Pacifica - Clear (Krypton),White Ceiling,2,0,1,0.75,2,3,116.43,74.86,21.57,224.12,2.600657;4.514908;0.488408,569.45,Iterator91_Parallel.png,Iterator91_Parallel.png,Iterator91.png
92,2,1,1,0.3,1.25,W1,R0,F1,1,Golden low-E fabric WBI2W,3,Solarban 90 (2) - Solarban 90 (4) - Clear (Argon),Black Ceiling,3,0,0,0,0.98,1,133.41,77.85,21.28,268.95,8.966905;0.741504,292.78,Iterator92_Parallel.png,Iterator92_Parallel.png,Iterator92.png
93,2,1,3,0.2,1.1,W3,R0,F2,None,Sunvision Ecru,3,Vistacool on Pacifica - Clear (Krypton),Black Ceiling,3,0,1,0.75,1.3,2,122.57,78.81,22.7,183.78,4.05683;6.28807,471.12,Iterator93_Parallel.png,Iterator93_Parallel.png,Iterator93.png
94,4,1,1,0.15,1.1,W1,R0,F1,1,Golden low-E fabric WBI2W,1.5,DoublePaneLoEe2,White Ceiling,1,1,1,0,0.98,1,133.21,76.51,20.72,537.89,0.036176;2.323735;0.072789;5.604171,186.74,Iterator94_Parallel.png,Iterator94_Parallel.png,Iterator94.png
95,4,0,1,0.2,1,W0,R3,F1,1,Sunvision Ecru,0.1,Vistacool on Pacifica - Clear (Krypton),White Ceiling,2,1,0,0,0.98,0,143.16,79.97,21.3,537.89,0;2.355783;0.082938;7.352405,214.01,Iterator95_Parallel.png,Iterator95_Parallel.png,Iterator95.png
96,2,0,2,0.2,1.25,W1,R0,F2,None,Golden low-E fabric WBI2W,0.1,Solarban 90 (2) - Solarban 90 (4) - Clear (Argon),Ceiling LM83,2,1,1,0,0.98,2,117.66,75.65,21.79,218.52,3.894491;3.179056,446.82,Iterator96_Parallel.png,Iterator96_Parallel.png,Iterator96.png
97,4,0,3,0.2,1,W1,R1,F2,None,Golden low-E fabric WBI2W,0.1,Solarcool on Pacifica - Clear (Argon),Ceiling LM83,0,1,1,0,1.3,2,121.01,74.9,21.16,268.95,1.494866;2.201311;2.826796;0.349559,418.58,Iterator97_Parallel.png,Iterator97_Parallel.png,Iterator97.png
98,3,0,2,0.2,1,W1,R2,F2,None,Golden low-E fabric WBI2W,3,DoublePaneLoEe2,Black Ceiling,2,0,0,0.75,2,1,125.61,74.59,20.6,268.95,2.227674;0.568562;1.903771,272.99,Iterator98_Parallel.png,Iterator98_Parallel.png,Iterator98.png
99,3,1,2,0.15,1.25,W2,R3,F1,None,Sunvision Ecru,3,Vistacool on Pacifica - Clear (Krypton),Black Ceiling,3,0,0,0.75,2,1,129.36,75.88,20.8,302.56,10.040574;8.796254;4.315188;10.093732,529.91,Iterator99_Parallel.png,Iterator99_Parallel.png,Iterator99.png
100,4,0,1,0.15,1,W2,R3,F1,None,Golden low-E fabric WBI2W,1.5,Solarcool on Pacifica - Clear (Argon),Ceiling LM83,3,0,0,0.75,2,3,110.51,71.06,20.47,537.89,0.036951;2.113132;0.083367;5.751789,177.48,Iterator100_Parallel.png,Iterator100_Parallel.png,Iterator100.png
101,3,0,1,0.15,1.1,W2,R0,F1,1,Golden low-E fabric WBI2W,0.1,Solarban 90 (2) - Solarban 90 (4) - Clear (Argon),Black Ceiling,2,1,0,0.75,2,2,114.32,73.51,21.18,403.42,5.942217;1.730829;0.819239,233.75,Iterator101_Parallel.png,Iterator101_Parallel.png,Iterator101.png
102,3,1,1,0.15,1.1,W3,R2,F1,None,Golden low-E fabric WBI2W,3,Solarcool on Pacifica - Clear (Argon),Black Ceiling,0,1,1,0,2,1,128.21,74.96,20.52,403.42,5.810538;1.712833;0.817052,230.99,Iterator102_Parallel.png,Iterator102_Parallel.png,Iterator102.png
103,2,0,2,0.15,1.1,W3,R0,F1,None,Golden low-E fabric WBI2W,1.5,Vistacool on Pacifica - Clear (Krypton),Ceiling LM83,2,0,1,0.75,1.3,0,158.67,85.63,22.31,208.43,3.528851;3.327873,410.63,Iterator103_Parallel.png,Iterator103_Parallel.png,Iterator103.png
104,2,1,1,0.3,1,W1,R0,F2,None,Golden low-E fabric WBI2W,1.5,Solarcool on Pacifica - Clear (Argon),Black Ceiling,3,1,0,0.75,1.3,1,135.28,78.47,21.38,268.95,8.932824;0.741791,294.23,Iterator104_Parallel.png,Iterator104_Parallel.png,Iterator104.png
105,3,0,1,0.3,1,W1,R0,F2,1,Golden low-E fabric WBI2W,0.1,Solarban 90 (2) - Solarban 90 (4) - Clear (Argon),Ceiling LM83,1,1,0,0,2,2,120.19,74.81,21.19,403.42,6.072752;1.482785;0.634434,282.29,Iterator105_Parallel.png,Iterator105_Parallel.png,Iterator105.png
106,2,0,2,0.2,1.25,W3,R0,F2,1,Sunvision Ecru,1.5,Solarcool on Pacifica - Clear (Argon),White Ceiling,3,0,1,0.75,0.98,0,158.33,86.04,22.51,218.52,5.307493;4.887515,584.05,Iterator106_Parallel.png,Iterator106_Parallel.png,Iterator106.png
107,2,1,3,0.3,1.1,W1,R0,F1,1,Golden low-E fabric WBI2W,1.5,Vistacool on Pacifica - Clear (Krypton),Ceiling LM83,1,0,1,0.75,1.3,2,137.84,81.22,22.33,183.78,3.385673;3.35866,488.49,Iterator107_Parallel.png,Iterator107_Parallel.png,Iterator107.png
108,4,0,1,0.2,1.25,W0,R0,F2,None,Sunvision Ecru,3,DoublePaneLoEe2,Black Ceiling,1,0,0,0.75,0.98,3,119.09,73.93,20.92,537.89,0;2.248981;0.048014;6.495726,123.14,Iterator108_Parallel.png,Iterator108_Parallel.png,Iterator108.png
109,4,1,2,0.15,1.1,W0,R3,F1,None,Sunvision Ecru,0.1,Vistacool on Pacifica - Clear (Krypton),Black Ceiling,1,0,0,0.75,1.3,3,128.82,76.67,21.2,356.35,0.534905;0.971916;8.180673;1.39324,262.14,Iterator109_Parallel.png,Iterator109_Parallel.png,Iterator109.png
110,2,1,1,0.2,1.25,W1,R0,F2,None,Golden low-E fabric WBI2W,3,Vistacool on Pacifica - Clear (Krypton),Ceiling LM83,2,0,0,0.75,2,0,154.91,84.11,21.99,268.95,9.100418;0.74235,359.77,Iterator110_Parallel.png,Iterator110_Parallel.png,Iterator110.png
111,3,1,2,0.2,1,W1,R0,F1,1,Golden low-E fabric WBI2W,0.1,Vistacool on Pacifica - Clear (Krypton),Ceiling LM83,2,1,1,0,2,0,154.83,84.32,22.09,268.95,0.81348;0.784231;1.817617;2.971456,375.95,Iterator111_Parallel.png,Iterator111_Parallel.png,Iterator111.png
112,3,0,1,0.15,1.25,W0,R1,F1,1,Golden low-E fabric WBI2W,1.5,Solarcool on Pacifica - Clear (Argon),White Ceiling,1,0,1,0,0.98,0,149.07,81.41,21.37,403.42,6.087778;1.769718;0.823164,325.73,Iterator112_Parallel.png,Iterator112_Parallel.png,Iterator112.png
113,4,0,1,0.3,1,W0,R0,F1,1,Sunvision Ecru,1.5,Solarban 90 (2) - Solarban 90 (4) - Clear (Argon),White Ceiling,1,1,0,0.75,2,0,150.79,81.94,21.44,537.89,0;2.233958;0.06954;6.946422,204.28,Iterator113_Parallel.png,Iterator113_Parallel.png,Iterator113.png
114,3,1,3,0.2,1.1,W1,R3,F1,1,Sunvision Ecru,3,Solarban 90 (2) - Solarban 90 (4) - Clear (Argon),Ceiling LM83,3,1,0,0,2,0,140.81,79.53,21.32,233.09,2.461181;3.248431;5.378602,554.39,Iterator114_Parallel.png,Iterator114_Parallel.png,Iterator114.png
115,2,1,3,0.15,1.1,W1,R0,F1,None,Golden low-E fabric WBI2W,1.5,Vistacool on Pacifica - Clear (Krypton),Black Ceiling,0,0,0,0.75,2,1,162.02,85.41,21.9,183.78,3.209949;3.265743,359.79,Iterator115_Parallel.png,Iterator115_Parallel.png,Iterator115.png
116,4,0,3,0.2,1.25,W1,R3,F1,None,Sunvision Ecru,3,Solarcool on Pacifica - Clear (Argon),White Ceiling,1,0,0,0,0.98,3,116.57,72.84,20.68,302.56,1.59007;7.349036;0.85115;1.197379,351.69,Iterator116_Parallel.png,Iterator116_Parallel.png,Iterator116.png
117,2,1,3,0.3,1.1,W2,R2,F1,None,Golden low-E fabric WBI2W,1.5,Solarcool on Pacifica - Clear (Argon),Ceiling LM83,1,0,1,0,0.98,1,137.86,77.95,20.91,183.78,3.293059;3.351023,487.4,Iterator117_Parallel.png,Iterator117_Parallel.png,Iterator117.png
118,4,1,2,0.15,1.25,W2,R2,F2,None,Golden low-E fabric WBI2W,1.5,Solarban 90 (2) - Solarban 90 (4) - Clear (Argon),Black Ceiling,2,0,1,0,0.98,1,125.26,74.32,20.51,386.61,3.601486;0.137214;7.899345;1.251241,219.74,Iterator118_Parallel.png,Iterator118_Parallel.png,Iterator118.png
119,2,1,1,0.2,1.25,W0,R1,F1,None,Sunvision Ecru,1.5,Solarban 90 (2) - Solarban 90 (4) - Clear (Argon),Black Ceiling,1,1,1,0,2,1,137.73,77.91,20.91,268.95,13.875979;0.745099,410.42,Iterator119_Parallel.png,Iterator119_Parallel.png,Iterator119.png
120,4,1,3,0.3,1,W1,R1,F2,None,Sunvision Ecru,1.5,Vistacool on Pacifica - Clear (Krypton),Ceiling LM83,1,1,0,0,1.3,1,135.17,77.12,20.8,268.95,1.545252;0.306158;2.930507;8.033901,521.76,Iterator120_Parallel.png,Iterator120_Parallel.png,Iterator120.png
121,2,1,1,0.2,1.1,W1,R0,F2,None,Sunvision Ecru,1.5,Solarcool on Pacifica - Clear (Argon),Ceiling LM83,3,0,0,0,0.98,0,153.5,84.1,22.12,268.95,14.099945;0.744989,504.94,Iterator121_Parallel.png,Iterator121_Parallel.png,Iterator121.png
122,3,0,1,0.15,1.1,W3,R0,F1,None,Golden low-E fabric WBI2W,1.5,DoublePaneLoEe2,White Ceiling,0,0,0,0,2,2,122.15,75.53,21.32,403.42,6.125276;1.759188;0.822275,326.29,Iterator122_Parallel.png,Iterator122_Parallel.png,Iterator122.png
123,4,1,1,0.2,1,W3,R2,F1,None,Golden low-E fabric WBI2W,0.1,Solarcool on Pacifica - Clear (Argon),White Ceiling,0,0,1,0.75,2,0,138.96,78.29,20.96,537.89,0;2.32686;0.061265;5.462532,184.19,Iterator123_Parallel.png,Iterator123_Parallel.png,Iterator123.png
124,2,0,2,0.15,1,W0,R1,F2,None,Golden low-E fabric WBI2W,3,DoublePaneLoEe2,Black Ceiling,2,0,1,0,2,2,117.56,75.59,21.77,201.71,3.533835;3.123249,398.22,Iterator124_Parallel.png,Iterator124_Parallel.png,Iterator124.png
125,4,1,1,0.2,1,W1,R1,F2,None,Sunvision Ecru,1.5,Solarcool on Pacifica - Clear (Argon),Black Ceiling,1,0,1,0,2,0,139.89,78.57,20.99,537.89,0;2.224343;0.070401;5.534265,115.09,Iterator125_Parallel.png,Iterator125_Parallel.png,Iterator125.png
126,4,1,1,0.3,1.25,W1,R0,F2,1,Sunvision Ecru,1.5,Solarban 90 (2) - Solarban 90 (4) - Clear (Argon),Ceiling LM83,0,0,1,0,1.3,0,147.32,80.87,21.3,537.89,0;2.223469;0.055789;5.953321,171.15,Iterator126_Parallel.png,Iterator126_Parallel.png,Iterator126.png
127,2,1,3,0.3,1,W2,R0,F2,1,Sunvision Ecru,0.1,Solarcool on Pacifica - Clear (Argon),Ceiling LM83,3,0,1,0.75,2,3,119.68,76.95,22.17,179.3,4.90829;5.988759,662.96,Iterator127_Parallel.png,Iterator127_Parallel.png,Iterator127.png
